Category,Language,Description
General-purpose & Widely Used,Python,"Versatile, readable, vast ecosystems; dominant in data science, AI, web development, scripting."
General-purpose & Widely Used,JavaScript,"Undisputed king of web development (front-end and Node.js for back-end)."
General-purpose & Widely Used,Java,"Robust, stable, dominant in large enterprises, Android development, big data."
General-purpose & Widely Used,C#,"Strong in enterprise software, game development (Unity), Microsoft ecosystem, increasing cross-platform via .NET."
General-purpose & Widely Used,C++,"Crucial for high-performance applications: game engines, OS, embedded systems, financial trading."
General-purpose & Widely Used,C,"Foundational, essential for low-level programming, OS, embedded devices, performance-critical apps."
General-purpose & Widely Used,Go (Golang),"Gaining traction for cloud-native, microservices, highly concurrent systems (simplicity, efficiency)."
General-purpose & Widely Used,Rust,"Growing in popularity for systems programming, web assembly, performance-critical apps (memory safety, concurrency)."
General-purpose & Widely Used,Kotlin,"Google's preferred for Android, modern, concise syntax, full interoperability with Java."
General-purpose & Widely Used,Swift,"Primary for iOS, macOS, watchOS, tvOS app development (safety, speed, expressiveness)."
General-purpose & Widely Used,Ruby,"Actively used, especially with Ruby on Rails for rapid development."
General-purpose & Widely Used,TypeScript,"Strongly typed superset of JavaScript, widely adopted for scalable web applications."
Data Science & AI & Math,Python,"Leading language with extensive libraries (TensorFlow, PyTorch, Pandas) for ML, DL, data analysis."
Data Science & AI & Math,R,"Staple for statistical computing, data analysis, advanced visualization (academia, research)."
Data Science & AI & Math,Julia,"High-performance for numerical analysis, scientific computing (ease of scripting with compiled speed)."
Data Science & AI & Math,MATLAB,"Widely used in engineering and scientific fields for numerical computation, algorithm development, data analysis."
Data Science & AI & Math,Octave,"Free and open-source alternative to MATLAB, often used in academia."
Data Science & AI & Math,DAX (Data Analysis Expressions),"Essential for data modeling and analysis in Microsoft Power BI, Excel Power Pivot, SSAS."
Web Development,JavaScript,"Crucial for front-end and increasingly for back-end (Node.js)."
Web Development,TypeScript,"Enhances JavaScript for large-scale web projects."
Web Development,HTML/CSS,"Fundamental markup and styling languages for any web content. Essential for web development."
Web Development,PHP,"Powers a vast portion of the internet (e.g., WordPress), though its dominance has declined."
Web Development,Ruby (via Ruby on Rails),"Strong choice for rapid web application development."
Web Development,Elixir,"Functional, concurrent language built on Erlang VM; popular for scalable, fault-tolerant web apps with Phoenix."
Web Development,Dart (with Flutter),"Excellent for cross-platform web applications (and mobile) from a single codebase."
Functional & Academic,Haskell,"Purely functional, influential in research and for building robust, high-assurance systems."
Functional & Academic,OCaml,"Functional, object-oriented language used in academia and industry (compilers, formal verification)."
Functional & Academic,F#,"Functional-first language on .NET, used for data science, web development, financial modeling."
Functional & Academic,Erlang,"Known for robust concurrency and fault tolerance, used in highly distributed systems."
Functional & Academic,Clojure,"Modern Lisp dialect on JVM, known for concurrency features and immutability."
Functional & Academic,Scheme / Lisp / Common Lisp,"Important for academic research, AI (historically), symbolic computation."
Functional & Academic,Coq,"Formal proof assistant for developing mathematical proofs and verifying software."
Functional & Academic,Lean,"Newer theorem prover and functional programming language, gaining traction in formal verification."
Functional & Academic,Agda,"Functional language with dependent types, used in programming language research and formal verification."
Mobile & Cross-platform,Swift,"For native iOS/macOS development."
Mobile & Cross-platform,Kotlin,"Preferred language for native Android development."
Mobile & Cross-platform,Java,"Still used for Android and backend services for mobile apps."
Mobile & Cross-platform,Dart (via Flutter),"Strong contender for cross-platform mobile and web app development."
Mobile & Cross-platform,React Native (JavaScript/TypeScript),"Popular for building cross-platform mobile apps using web technologies."
Mobile & Cross-platform,Xamarin (C#),"For cross-platform mobile development within the Microsoft ecosystem."
Scripting & Automation & DevOps,Bash,"Standard shell scripting for Unix/Linux, essential for automation and system administration."
Scripting & Automation & DevOps,PowerShell,"Microsoft's task automation and configuration management, crucial for Windows and cloud management."
Scripting & Automation & DevOps,Python,"Widely used for scripting, automation, and DevOps (extensive libraries, readability)."
Scripting & Automation & DevOps,Go,"Increasingly popular for building efficient command-line tools and DevOps infrastructure."
Scripting & Automation & DevOps,Perl,"Less common, but present in legacy systems for text processing and system administration."
Scripting & Automation & DevOps,Groovy,"Commonly used with build automation (Gradle) and scripting within Jenkins CI/CD."
Scripting & Automation & DevOps,Lua,"Lightweight and fast, often embedded in applications (games, web servers) for scripting."
Domain-Specific & Other Notable Mentions,SQL (PL/SQL & T-SQL & PostgreSQL SQL),"Indispensable for managing and querying relational databases."
Domain-Specific & Other Notable Mentions,VHDL / Verilog,"Hardware description languages crucial for designing and verifying digital circuits and FPGAs."
Domain-Specific & Other Notable Mentions,OpenCL / GLSL,"For parallel computing on heterogeneous platforms (GPUs, CPUs) and shading in graphics programming."
Domain-Specific & Other Notable Mentions,Modelica,"Declarative, object-oriented language for modeling complex physical systems."
Domain-Specific & Other Notable Mentions,Power Fx,"Microsoft's low-code programming language for building applications in Power Apps."
Domain-Specific & Other Notable Mentions,Cypher,"Declarative query language for the Neo4j graph database."
Domain-Specific & Other Notable Mentions,Q#,"Microsoft's domain-specific language for quantum computing."
Domain-Specific & Other Notable Mentions,Zig,"Modern, low-level systems programming language as an alternative to C (simplicity, safety, tooling)."
Domain-Specific & Other Notable Mentions,Assembly (x86 & ARM),"Important for low-level development, reverse engineering, optimizing performance-critical code."